[{"id":"user-image-Untitled-1.png","publicUrl":"np://user.desktop.nicepage.com/Site_923707183/images/Untitled-1.png","size":79788,"fileName":"Untitled-1.png","name":"Untitled-1","width":467,"height":477,"thumbnail":{"url":"np://user.desktop.nicepage.com/Site_923707183/images/thumbnails/Untitled-1.png","width":245,"height":250},"originalUrl":"//images01.nicepagecdn.com/a1389d7bc73adea1e1c1fb7e/edaa5e11cbf25912ba08677a/Untitled-1.png"},{"id":"user-image-3730262_73938.jpg","publicUrl":"np://user.desktop.nicepage.com/Site_923707183/images/3730262_73938.jpg","size":55568,"fileName":"3730262_73938.jpg","name":"3730262_73938","width":1669,"height":1080,"thumbnail":{"url":"np://user.desktop.nicepage.com/Site_923707183/images/thumbnails/3730262_73938.jpg","width":250,"height":162},"originalUrl":"//images01.nicepagecdn.com/a1389d7bc73adea1e1c1fb7e/addc05149516556bbd091e47/3730262_73938.jpg"},{"id":"user-image-2.jpg","publicUrl":"np://user.desktop.nicepage.com/Site_923707183/images/2.jpg","size":24248,"fileName":"2.jpg","name":"2","width":404,"height":404,"thumbnail":{"url":"np://user.desktop.nicepage.com/Site_923707183/images/thumbnails/2.jpg","width":250,"height":250},"originalUrl":"//images01.nicepagecdn.com/c461c07a441a5d220e8feb1a/23f2b6ec8f435911852884f1/2.jpg"},{"id":"user-image-fff.jpg","publicUrl":"np://user.desktop.nicepage.com/Site_923707183/images/fff.jpg","size":25904,"fileName":"fff.jpg","name":"fff","width":404,"height":404,"thumbnail":{"url":"np://user.desktop.nicepage.com/Site_923707183/images/thumbnails/fff.jpg","width":250,"height":250},"originalUrl":"//images01.nicepagecdn.com/c461c07a441a5d220e8feb1a/dee2a7ea9eea577cab16110a/fff.jpg"},{"id":"user-image-fggf.jpg","publicUrl":"np://user.desktop.nicepage.com/Site_923707183/images/fggf.jpg","size":29555,"fileName":"fggf.jpg","name":"fggf","width":404,"height":404,"thumbnail":{"url":"np://user.desktop.nicepage.com/Site_923707183/images/thumbnails/fggf.jpg","width":250,"height":250},"originalUrl":"//images01.nicepagecdn.com/c461c07a441a5d220e8feb1a/47d488474b1750ad8f9a684f/fggf.jpg"},{"id":"user-image-vccvv-min.jpg","publicUrl":"np://user.desktop.nicepage.com/Site_923707183/images/vccvv-min.jpg","size":40945,"fileName":"vccvv-min.jpg","name":"vccvv-min","width":1980,"height":1134,"thumbnail":{"url":"np://user.desktop.nicepage.com/Site_923707183/images/thumbnails/vccvv-min.jpg","width":250,"height":143},"originalUrl":"//images01.nicepagecdn.com/c461c07a441a5d220e8feb1a/69f692fba32652d283a62eee/vccvv-min.jpg"},{"id":"user-image-jhhhhhh.jpg","publicUrl":"np://user.desktop.nicepage.com/Site_923707183/images/jhhhhhh.jpg","size":107262,"fileName":"jhhhhhh.jpg","name":"jhhhhhh","width":1620,"height":1080,"thumbnail":{"url":"np://user.desktop.nicepage.com/Site_923707183/images/thumbnails/jhhhhhh.jpg","width":250,"height":167},"originalUrl":"//images01.nicepagecdn.com/c461c07a441a5d220e8feb1a/2cc1a632c8c5511c86638369/jhhhhhh.jpg"},{"id":"user-image-default-logo.png","publicUrl":"np://user.desktop.nicepage.com/Site_923707183/images/default-logo.png","size":1804,"fileName":"default-logo.png","name":"default-logo","width":80,"height":40,"thumbnail":{"url":"np://user.desktop.nicepage.com/Site_923707183/images/thumbnails/default-logo.png","width":80,"height":40,"length":1804,"type":"png"},"originalUrl":"//capp.nicepage.com/6dd56f52e25ec17c1f9afee975e7a261622b3f66/images/default-logo.png"}]